{
  "삼성 네거리-36.34475338-127.4219628-3000": [
    36.3380836155516,
    127.429572982262,
    "삼성네거리",
    "대전 동구 삼성동"
  ],
  "한남대 오거리-36.34475338-127.4219628-3000": [
    36.3426160237102,
    127.423146031928,
    "삼성오거리",
    "대전 동구 삼성동"
  ],
  "중리 네거리-36.36172574-127.4310528-3000": [
    36.361263095397554,
    127.43196214090845,
    "LG유플러스 중리동 중리네거리점",
    "대전 대덕구 계족산로 2"
  ],
  "동부 네거리-36.36172574-127.4310528-3000": [
    36.3529309454981,
    127.440576878962,
    "루마썬팅 대전동부네거리점",
    "대전 동구 한밭대로 1305"
  ],
  "효동 네거리-36.32033176-127.4397113-3000": [
    36.3152587783011,
    127.440422700086,
    "효동네거리",
    "대전 동구 효동"
  ],
  "신흥동-36.32033176-127.4397113-3000": [
    36.32285274498826,
    127.43951326255218,
    "이스트시티2단지아파트 205동",
    "대전 동구 동대전로46번길 120"
  ],
  "대성 삼거리-36.29788229-127.4589512-3000": [
    36.29529398943823,
    127.46052927166247,
    "타슈스테이션 대성삼거리",
    "대전 동구 대전로 307"
  ],
  "낭월동-36.29788229-127.4589512-3000": [
    36.2883475274029,
    127.463834576601,
    "안면도회센타",
    "대전 동구 산내로 1407"
  ],
  "목척교-36.33294669-127.4275344-3000": [
    36.3313362304094,
    127.426885183108,
    "목척교 포장마차거리",
    "대전 중구 은행동 314-1"
  ],
  "대전 역-36.33294669-127.4275344-3000": [
    36.3326451322316,
    127.429542008692,
    "투루카 도시형산업지원플랫폼(대전역 3번출구)",
    "대전 동구 태전로 25"
  ],
  "동부4가-36.35085419-127.4327674-3000": [
    36.35168771722336,
    127.44339510813967,
    "동부4가빌",
    "대전 대덕구 비래서로10번길 90"
  ],
  "원동 네거리-36.33237202-127.4315462-3000": [
    36.3267309865115,
    127.433956536716,
    "원동사거리로또",
    "대전 동구 중앙로200번길 99"
  ],
  "원동네거리-36.32860472-127.4335883-3000": [
    36.3267309865115,
    127.433956536716,
    "원동사거리로또",
    "대전 동구 중앙로200번길 99"
  ],
  "인동-36.32860472-127.4335883-3000": [
    36.3267482414554,
    127.435159424769,
    "원동네거리",
    "대전 동구 인동"
  ],
  "목척교 네거리-36.33706612-127.4265501-3000": [
    36.3365389823613,
    127.426053688653,
    "한밭중네거리",
    "대전 동구 삼성동"
  ],
  "가양비래공원-36.34923707-127.4439468-3000": [
    36.3588117323125,
    127.458374071231,
    "가양비래공원 배드민턴장",
    "대전 대덕구 신상로 67"
  ]
}